{
  "split": "val",
  "n_images": 276,
  "n_termite": 138,
  "n_non_termite": 138,
  "roc_auc": 0.980466288594833,
  "pr_auc": 0.9812993313534152,
  "at_threshold_0.5": {
    "accuracy": 0.9311594202898551,
    "precision": 0.9103448275862069,
    "recall": 0.9565217391304348,
    "specificity": 0.9057971014492754,
    "f1": 0.9328621908127209,
    "tp": 132,
    "tn": 125,
    "fp": 13,
    "fn": 6
  },
  "best_f1_operating_point": {
    "accuracy": 0.9311594202898551,
    "precision": 0.9103448275862069,
    "recall": 0.9565217391304348,
    "specificity": 0.9057971014492754,
    "f1": 0.9328621908127209,
    "tp": 132,
    "tn": 125,
    "fp": 13,
    "fn": 6,
    "threshold": 0.5
  },
  "recall>=0.95_operating_point": {
    "accuracy": 0.9311594202898551,
    "precision": 0.9103448275862069,
    "recall": 0.9565217391304348,
    "specificity": 0.9057971014492754,
    "f1": 0.9328621908127209,
    "tp": 132,
    "tn": 125,
    "fp": 13,
    "fn": 6,
    "threshold": 0.5
  }
}