{
  "split": "test",
  "n_images": 276,
  "n_termite": 138,
  "n_non_termite": 138,
  "roc_auc": 0.9874501155219492,
  "pr_auc": 0.987018110172734,
  "at_threshold_0.5": {
    "accuracy": 0.9601449275362319,
    "precision": 0.9440559440559441,
    "recall": 0.9782608695652174,
    "specificity": 0.9420289855072463,
    "f1": 0.9608540925266904,
    "tp": 135,
    "tn": 130,
    "fp": 8,
    "fn": 3
  },
  "best_f1_operating_point": {
    "accuracy": 0.9601449275362319,
    "precision": 0.9440559440559441,
    "recall": 0.9782608695652174,
    "specificity": 0.9420289855072463,
    "f1": 0.9608540925266904,
    "tp": 135,
    "tn": 130,
    "fp": 8,
    "fn": 3,
    "threshold": 0.49
  },
  "recall>=0.95_operating_point": {
    "accuracy": 0.9601449275362319,
    "precision": 0.9440559440559441,
    "recall": 0.9782608695652174,
    "specificity": 0.9420289855072463,
    "f1": 0.9608540925266904,
    "tp": 135,
    "tn": 130,
    "fp": 8,
    "fn": 3,
    "threshold": 0.49
  }
}